{
  "superpoint_level_iou": {
    "Ground": 0.9654024595924294,
    "Vegetation": 0.9328916575602728,
    "Cars": 0.8538879713735205,
    "Trucks": 0.4922765032676332,
    "Power lines": 0.9387612667422757,
    "Fences": 0.530521483238233,
    "Poles": 0.6379928315412187,
    "Buildings": 0.9666019489771591,
    "Unknown": 0.0
  },
  "superpoint_level_miou": 0.7020373469214157,
  "purity_mean": 0.9842681295506442,
  "purity_median": 1.0,
  "purity_100pct": 0.9212221459796534,
  "purity_below_80": 0.033172067115803165,
  "total_superpoints": 3918779,
  "size_bins": {
    "1-4": {
      "count": 1,
      "accuracy": 100.0
    },
    "5-9": {
      "count": 0,
      "accuracy": 0.0
    },
    "10-24": {
      "count": 1596098,
      "accuracy": 97.2263607873702
    },
    "25-49": {
      "count": 1767191,
      "accuracy": 98.22254640273745
    },
    "50-99": {
      "count": 553934,
      "accuracy": 98.93994591413417
    },
    "100-249": {
      "count": 1554,
      "accuracy": 98.13384813384813
    },
    "250-499": {
      "count": 1,
      "accuracy": 100.0
    },
    "500+": {
      "count": 0,
      "accuracy": 0.0
    }
  },
  "voxel_level_iou": {
    "Ground": 0.9654024595924294,
    "Vegetation": 0.9328916575602728,
    "Cars": 0.8538879713735205,
    "Trucks": 0.4922765032676332,
    "Power lines": 0.9387612667422757,
    "Fences": 0.530521483238233,
    "Poles": 0.6379928315412187,
    "Buildings": 0.9666019489771591,
    "Unknown": 0.0
  },
  "voxel_level_miou": 0.7020373469214157
}